product_id,sku,product_name,category_id,supplier_id,unit_price,stock_qty,created_at
1,SKU-0001,Samsung Galaxy A15,1,1,174850,262,2024-02-19 00:00:00
2,SKU-0002,Tecno Spark 20,1,4,134250,485,2023-11-19 00:00:00
3,SKU-0003,Infinix Hot 40,1,1,438450,171,2023-12-03 00:00:00
4,SKU-0004,iPhone 13 (Refurb),1,2,248150,358,2024-01-15 00:00:00
5,SKU-0005,Xiaomi Redmi 13,1,6,451100,269,2023-10-13 00:00:00
6,SKU-0006,Itel A70,1,12,420000,98,2024-01-06 00:00:00
7,SKU-0007,Oppo A58,1,3,637050,443,2023-10-13 00:00:00
8,SKU-0008,Tecno Camon 30,1,13,384950,386,2023-11-13 00:00:00
9,SKU-0009,Nokia C32,1,12,181450,394,2024-02-02 00:00:00
10,SKU-0010,Lenovo Tab M10,1,4,311500,106,2023-11-23 00:00:00
11,SKU-0011,Samsung Galaxy A15 (Pack 2),1,4,390100,460,2023-12-25 00:00:00
12,SKU-0012,Tecno Spark 20 (Pack 2),1,13,57550,336,2023-11-11 00:00:00
13,SKU-0013,Infinix Hot 40 (Pack 2),1,11,415050,380,2024-01-04 00:00:00
14,SKU-0014,iPhone 13 (Refurb) (Pack 2),1,2,498150,227,2023-10-15 00:00:00
15,SKU-0015,Xiaomi Redmi 13 (Pack 2),1,8,221850,280,2024-01-03 00:00:00
16,SKU-0016,Itel A70 (Pack 2),1,8,644450,400,2024-02-14 00:00:00
17,SKU-0017,Oppo A58 (Pack 2),1,9,95600,278,2024-02-07 00:00:00
18,SKU-0018,Tecno Camon 30 (Pack 2),1,8,574500,474,2023-10-13 00:00:00
19,SKU-0019,Nokia C32 (Pack 2),1,1,333000,188,2024-01-09 00:00:00
20,SKU-0020,Lenovo Tab M10 (Pack 2),1,15,520250,370,2023-11-30 00:00:00
21,SKU-0021,Samsung Galaxy A15 (Pack 3),1,5,205500,102,2023-11-27 00:00:00
22,SKU-0022,Tecno Spark 20 (Pack 3),1,6,452300,407,2023-12-04 00:00:00
23,SKU-0023,Infinix Hot 40 (Pack 3),1,11,121400,149,2023-11-24 00:00:00
24,SKU-0024,iPhone 13 (Refurb) (Pack 3),1,15,569300,306,2023-10-02 00:00:00
25,SKU-0025,Xiaomi Redmi 13 (Pack 3),1,11,509750,300,2023-11-19 00:00:00
26,SKU-0026,HP 15 Laptop,2,12,281900,349,2024-01-08 00:00:00
27,SKU-0027,Dell Inspiron 14,2,11,313950,224,2024-02-08 00:00:00
28,SKU-0028,Lenovo IdeaPad 3,2,5,557900,289,2023-12-21 00:00:00
29,SKU-0029,Logitech Wireless Mouse,2,15,522450,84,2023-11-01 00:00:00
30,SKU-0030,USB-C Hub 7-in-1,2,6,354900,359,2023-11-25 00:00:00
31,SKU-0031,Seagate 1TB HDD,2,14,594900,482,2024-02-12 00:00:00
32,SKU-0032,Kingston 256GB SSD,2,1,334000,147,2023-12-20 00:00:00
33,SKU-0033,HP LaserJet Printer,2,7,587450,412,2024-02-12 00:00:00
34,SKU-0034,Laptop Backpack,2,2,475100,347,2024-02-03 00:00:00
35,SKU-0035,Mechanical Keyboard,2,14,519800,169,2023-12-28 00:00:00
36,SKU-0036,HP 15 Laptop (Pack 2),2,5,408250,183,2023-12-28 00:00:00
37,SKU-0037,Dell Inspiron 14 (Pack 2),2,3,610000,341,2024-02-09 00:00:00
38,SKU-0038,Lenovo IdeaPad 3 (Pack 2),2,2,595850,477,2024-01-18 00:00:00
39,SKU-0039,Logitech Wireless Mouse (Pack 2),2,5,37600,448,2023-10-31 00:00:00
40,SKU-0040,USB-C Hub 7-in-1 (Pack 2),2,8,353050,190,2023-11-04 00:00:00
41,SKU-0041,Seagate 1TB HDD (Pack 2),2,6,546400,416,2024-02-05 00:00:00
42,SKU-0042,Kingston 256GB SSD (Pack 2),2,4,723700,457,2023-10-18 00:00:00
43,SKU-0043,HP LaserJet Printer (Pack 2),2,7,490850,249,2023-12-24 00:00:00
44,SKU-0044,Laptop Backpack (Pack 2),2,4,118400,305,2024-01-29 00:00:00
45,SKU-0045,Mechanical Keyboard (Pack 2),2,15,304600,51,2023-11-25 00:00:00
46,SKU-0046,HP 15 Laptop (Pack 3),2,2,374350,109,2023-11-14 00:00:00
47,SKU-0047,Dell Inspiron 14 (Pack 3),2,11,664800,466,2023-10-30 00:00:00
48,SKU-0048,Lenovo IdeaPad 3 (Pack 3),2,12,281900,330,2023-11-26 00:00:00
49,SKU-0049,Logitech Wireless Mouse (Pack 3),2,12,558900,385,2023-10-29 00:00:00
50,SKU-0050,USB-C Hub 7-in-1 (Pack 3),2,7,686350,369,2023-12-18 00:00:00
51,SKU-0051,JBL Bluetooth Speaker,3,1,346200,466,2024-02-01 00:00:00
52,SKU-0052,Hisense 43in LED TV,3,10,211850,304,2023-11-22 00:00:00
53,SKU-0053,Sony Headphones,3,6,128500,462,2024-01-21 00:00:00
54,SKU-0054,Anker Power Bank 20000mAh,3,15,107150,117,2024-01-21 00:00:00
55,SKU-0055,LG 32in TV,3,5,368650,400,2024-02-28 00:00:00
56,SKU-0056,Wireless Earbuds,3,1,237350,466,2023-12-11 00:00:00
57,SKU-0057,Ring Light Stand,3,14,215450,337,2023-12-07 00:00:00
58,SKU-0058,Smart Watch,3,7,268950,330,2024-01-28 00:00:00
59,SKU-0059,Extension Socket 6-way,3,9,190150,71,2024-02-07 00:00:00
60,SKU-0060,Rechargeable Fan,3,2,294150,158,2024-01-14 00:00:00
61,SKU-0061,JBL Bluetooth Speaker (Pack 2),3,12,122000,158,2023-12-12 00:00:00
62,SKU-0062,Hisense 43in LED TV (Pack 2),3,12,111900,305,2023-11-24 00:00:00
63,SKU-0063,Sony Headphones (Pack 2),3,15,18050,491,2024-02-02 00:00:00
64,SKU-0064,Anker Power Bank 20000mAh (Pack 2),3,2,67250,468,2023-12-28 00:00:00
65,SKU-0065,LG 32in TV (Pack 2),3,12,187050,288,2024-01-12 00:00:00
66,SKU-0066,Wireless Earbuds (Pack 2),3,13,148550,348,2024-01-29 00:00:00
67,SKU-0067,Ring Light Stand (Pack 2),3,8,389200,457,2024-02-24 00:00:00
68,SKU-0068,Smart Watch (Pack 2),3,4,78200,311,2024-02-14 00:00:00
69,SKU-0069,Extension Socket 6-way (Pack 2),3,8,180900,212,2023-11-27 00:00:00
70,SKU-0070,Rechargeable Fan (Pack 2),3,3,192150,406,2024-02-01 00:00:00
71,SKU-0071,JBL Bluetooth Speaker (Pack 3),3,11,248000,273,2024-01-25 00:00:00
72,SKU-0072,Hisense 43in LED TV (Pack 3),3,5,16900,286,2023-12-13 00:00:00
73,SKU-0073,Sony Headphones (Pack 3),3,8,80850,483,2023-12-04 00:00:00
74,SKU-0074,Anker Power Bank 20000mAh (Pack 3),3,2,22900,251,2023-11-23 00:00:00
75,SKU-0075,LG 32in TV (Pack 3),3,12,95450,200,2024-01-16 00:00:00
76,SKU-0076,Ankara Fabric 6 yards,4,11,73850,34,2024-02-09 00:00:00
77,SKU-0077,Men's Polo Shirt,4,12,44500,328,2023-12-16 00:00:00
78,SKU-0078,Ladies Handbag,4,4,63650,301,2023-12-03 00:00:00
79,SKU-0079,Sneakers Unisex,4,8,38550,50,2023-10-11 00:00:00
80,SKU-0080,Senator Wear Set,4,11,63250,278,2024-02-20 00:00:00
81,SKU-0081,Denim Jeans,4,6,44400,236,2023-10-29 00:00:00
82,SKU-0082,Leather Sandals,4,2,69550,362,2024-01-11 00:00:00
83,SKU-0083,Church Hat,4,3,69150,447,2023-11-21 00:00:00
84,SKU-0084,School Bag,4,2,38200,36,2024-02-17 00:00:00
85,SKU-0085,Wrist Watch,4,3,73450,349,2024-01-29 00:00:00
86,SKU-0086,Ankara Fabric 6 yards (Pack 2),4,15,23650,289,2024-01-29 00:00:00
87,SKU-0087,Men's Polo Shirt (Pack 2),4,14,42250,75,2024-01-13 00:00:00
88,SKU-0088,Ladies Handbag (Pack 2),4,2,36150,156,2023-10-13 00:00:00
89,SKU-0089,Sneakers Unisex (Pack 2),4,11,70600,185,2023-10-11 00:00:00
90,SKU-0090,Senator Wear Set (Pack 2),4,9,33700,152,2024-01-19 00:00:00
91,SKU-0091,Denim Jeans (Pack 2),4,6,28550,346,2024-02-23 00:00:00
92,SKU-0092,Leather Sandals (Pack 2),4,14,9550,72,2023-11-04 00:00:00
93,SKU-0093,Church Hat (Pack 2),4,13,29800,115,2023-12-16 00:00:00
94,SKU-0094,School Bag (Pack 2),4,8,69650,231,2023-12-30 00:00:00
95,SKU-0095,Wrist Watch (Pack 2),4,14,50500,373,2023-10-24 00:00:00
96,SKU-0096,Ankara Fabric 6 yards (Pack 3),4,4,61600,372,2023-10-09 00:00:00
97,SKU-0097,Men's Polo Shirt (Pack 3),4,5,22000,378,2023-11-15 00:00:00
98,SKU-0098,Ladies Handbag (Pack 3),4,3,31350,483,2023-10-22 00:00:00
99,SKU-0099,Sneakers Unisex (Pack 3),4,6,17600,350,2024-02-17 00:00:00
100,SKU-0100,Senator Wear Set (Pack 3),4,2,11600,301,2023-10-25 00:00:00
101,SKU-0101,Nonstick Pot Set,5,1,206500,191,2024-02-08 00:00:00
102,SKU-0102,Electric Kettle,5,2,151000,178,2023-12-20 00:00:00
103,SKU-0103,Blender 1.5L,5,14,232800,176,2023-12-10 00:00:00
104,SKU-0104,Gas Cooker 4-burner,5,13,201750,274,2023-10-15 00:00:00
105,SKU-0105,Bedsheet Set,5,13,128750,234,2024-02-01 00:00:00
106,SKU-0106,Standing Fan,5,4,158700,143,2023-11-27 00:00:00
107,SKU-0107,Microwave 20L,5,11,159050,81,2023-12-10 00:00:00
108,SKU-0108,Rice Cooker 1.8L,5,3,249650,265,2024-02-09 00:00:00
109,SKU-0109,Dinner Plates 12pc,5,1,38000,100,2024-01-13 00:00:00
110,SKU-0110,Water Dispenser,5,7,125300,384,2023-11-21 00:00:00
111,SKU-0111,Nonstick Pot Set (Pack 2),5,9,35200,395,2023-12-25 00:00:00
112,SKU-0112,Electric Kettle (Pack 2),5,7,222800,83,2023-12-07 00:00:00
113,SKU-0113,Blender 1.5L (Pack 2),5,6,213250,165,2024-01-08 00:00:00
114,SKU-0114,Gas Cooker 4-burner (Pack 2),5,6,83100,280,2023-12-23 00:00:00
115,SKU-0115,Bedsheet Set (Pack 2),5,15,231300,287,2024-01-17 00:00:00
116,SKU-0116,Standing Fan (Pack 2),5,6,43100,131,2023-12-31 00:00:00
117,SKU-0117,Microwave 20L (Pack 2),5,3,131450,449,2023-12-15 00:00:00
118,SKU-0118,Rice Cooker 1.8L (Pack 2),5,3,83950,213,2023-11-12 00:00:00
119,SKU-0119,Dinner Plates 12pc (Pack 2),5,13,255850,148,2023-10-17 00:00:00
120,SKU-0120,Water Dispenser (Pack 2),5,1,152350,423,2024-01-25 00:00:00
121,SKU-0121,Nonstick Pot Set (Pack 3),5,14,195100,85,2024-01-26 00:00:00
122,SKU-0122,Electric Kettle (Pack 3),5,1,21600,370,2023-11-14 00:00:00
123,SKU-0123,Blender 1.5L (Pack 3),5,6,228800,436,2024-02-02 00:00:00
124,SKU-0124,Gas Cooker 4-burner (Pack 3),5,14,64150,449,2024-02-10 00:00:00
125,SKU-0125,Bedsheet Set (Pack 3),5,2,59600,31,2023-10-07 00:00:00
126,SKU-0126,Shea Butter 500g,6,6,30750,436,2023-11-24 00:00:00
127,SKU-0127,Black Soap Bar,6,11,27000,132,2024-02-28 00:00:00
128,SKU-0128,Perfume Oil 50ml,6,5,33450,417,2024-02-01 00:00:00
129,SKU-0129,Hair Relaxer Kit,6,9,37400,162,2023-10-01 00:00:00
130,SKU-0130,Face Wash,6,2,43950,258,2023-12-01 00:00:00
131,SKU-0131,Body Lotion 400ml,6,15,12100,284,2023-11-08 00:00:00
132,SKU-0132,Beard Trimmer,6,8,7400,426,2023-11-05 00:00:00
133,SKU-0133,Lip Gloss Set,6,6,41200,290,2024-02-15 00:00:00
134,SKU-0134,Hair Dryer,6,8,22250,354,2024-01-11 00:00:00
135,SKU-0135,Deodorant Pack,6,5,9600,321,2024-02-05 00:00:00
136,SKU-0136,Shea Butter 500g (Pack 2),6,14,39250,258,2024-02-06 00:00:00
137,SKU-0137,Black Soap Bar (Pack 2),6,3,5700,116,2023-11-03 00:00:00
138,SKU-0138,Perfume Oil 50ml (Pack 2),6,1,17450,357,2024-01-11 00:00:00
139,SKU-0139,Hair Relaxer Kit (Pack 2),6,5,28350,238,2024-02-18 00:00:00
140,SKU-0140,Face Wash (Pack 2),6,10,9100,130,2024-02-23 00:00:00
141,SKU-0141,Body Lotion 400ml (Pack 2),6,3,42400,309,2023-11-27 00:00:00
142,SKU-0142,Beard Trimmer (Pack 2),6,11,25450,396,2023-12-04 00:00:00
143,SKU-0143,Lip Gloss Set (Pack 2),6,12,29650,302,2023-11-17 00:00:00
144,SKU-0144,Hair Dryer (Pack 2),6,10,11450,158,2024-01-21 00:00:00
145,SKU-0145,Deodorant Pack (Pack 2),6,7,26200,260,2024-01-23 00:00:00
146,SKU-0146,Shea Butter 500g (Pack 3),6,6,36700,457,2023-12-12 00:00:00
147,SKU-0147,Black Soap Bar (Pack 3),6,13,24350,256,2024-02-02 00:00:00
148,SKU-0148,Perfume Oil 50ml (Pack 3),6,11,30850,330,2024-02-04 00:00:00
149,SKU-0149,Hair Relaxer Kit (Pack 3),6,5,37850,65,2024-02-23 00:00:00
150,SKU-0150,Face Wash (Pack 3),6,9,29800,59,2023-12-28 00:00:00
151,SKU-0151,Rice 50kg Bag,7,7,49650,425,2024-01-03 00:00:00
152,SKU-0152,Vegetable Oil 5L,7,12,27400,214,2023-12-27 00:00:00
153,SKU-0153,Indomie Noodles Carton,7,11,94650,163,2023-12-19 00:00:00
154,SKU-0154,Garri 10kg,7,2,64850,32,2024-02-18 00:00:00
155,SKU-0155,Tomato Paste Carton,7,8,8200,158,2024-02-13 00:00:00
156,SKU-0156,Milo 900g,7,8,48000,354,2024-01-04 00:00:00
157,SKU-0157,Peak Milk Tin Carton,7,2,79850,226,2023-11-13 00:00:00
158,SKU-0158,Sugar 1kg x10,7,7,70500,161,2023-12-26 00:00:00
159,SKU-0159,Spaghetti Carton,7,6,36450,457,2023-10-15 00:00:00
160,SKU-0160,Beans 10kg,7,12,4950,79,2024-02-11 00:00:00
161,SKU-0161,Rice 50kg Bag (Pack 2),7,3,13650,131,2024-02-18 00:00:00
162,SKU-0162,Vegetable Oil 5L (Pack 2),7,15,17400,261,2024-01-21 00:00:00
163,SKU-0163,Indomie Noodles Carton (Pack 2),7,5,19500,242,2024-01-03 00:00:00
164,SKU-0164,Garri 10kg (Pack 2),7,14,67100,407,2023-12-03 00:00:00
165,SKU-0165,Tomato Paste Carton (Pack 2),7,8,15650,159,2023-10-13 00:00:00
166,SKU-0166,Milo 900g (Pack 2),7,4,15150,99,2023-10-28 00:00:00
167,SKU-0167,Peak Milk Tin Carton (Pack 2),7,5,67800,454,2023-12-08 00:00:00
168,SKU-0168,Sugar 1kg x10 (Pack 2),7,7,32100,157,2023-12-16 00:00:00
169,SKU-0169,Spaghetti Carton (Pack 2),7,4,40350,93,2023-10-19 00:00:00
170,SKU-0170,Beans 10kg (Pack 2),7,12,24300,391,2024-01-28 00:00:00
171,SKU-0171,Rice 50kg Bag (Pack 3),7,1,28050,488,2024-02-21 00:00:00
172,SKU-0172,Vegetable Oil 5L (Pack 3),7,15,3800,237,2023-10-05 00:00:00
173,SKU-0173,Indomie Noodles Carton (Pack 3),7,14,71050,150,2023-12-15 00:00:00
174,SKU-0174,Garri 10kg (Pack 3),7,12,88250,208,2024-02-12 00:00:00
175,SKU-0175,Tomato Paste Carton (Pack 3),7,3,26300,494,2024-01-28 00:00:00
176,SKU-0176,Football Size 5,8,5,78950,74,2024-01-18 00:00:00
177,SKU-0177,Yoga Mat,8,15,30500,252,2024-02-03 00:00:00
178,SKU-0178,Dumbbell Set 20kg,8,2,32050,226,2023-10-23 00:00:00
179,SKU-0179,Skipping Rope,8,15,62050,380,2024-02-10 00:00:00
180,SKU-0180,Running Shoes,8,15,2200,407,2024-01-03 00:00:00
181,SKU-0181,Gym Gloves,8,13,33200,222,2023-10-22 00:00:00
182,SKU-0182,Jersey Replica,8,4,110700,397,2023-11-27 00:00:00
183,SKU-0183,Table Tennis Set,8,8,42000,250,2024-01-12 00:00:00
184,SKU-0184,Resistance Bands,8,15,59950,313,2024-01-01 00:00:00
185,SKU-0185,Water Bottle 1L,8,7,91350,279,2023-12-27 00:00:00
186,SKU-0186,Football Size 5 (Pack 2),8,14,74850,481,2023-12-16 00:00:00
187,SKU-0187,Yoga Mat (Pack 2),8,9,111850,455,2023-10-23 00:00:00
188,SKU-0188,Dumbbell Set 20kg (Pack 2),8,10,84400,371,2023-12-19 00:00:00
189,SKU-0189,Skipping Rope (Pack 2),8,11,49400,202,2023-11-27 00:00:00
190,SKU-0190,Running Shoes (Pack 2),8,4,109000,382,2023-12-06 00:00:00
191,SKU-0191,Gym Gloves (Pack 2),8,7,40850,55,2024-01-19 00:00:00
192,SKU-0192,Jersey Replica (Pack 2),8,2,116750,390,2024-02-12 00:00:00
193,SKU-0193,Table Tennis Set (Pack 2),8,11,31650,92,2023-10-07 00:00:00
194,SKU-0194,Resistance Bands (Pack 2),8,5,74750,396,2024-02-09 00:00:00
195,SKU-0195,Water Bottle 1L (Pack 2),8,14,79350,152,2023-10-13 00:00:00
196,SKU-0196,Football Size 5 (Pack 3),8,15,55550,499,2024-01-07 00:00:00
197,SKU-0197,Yoga Mat (Pack 3),8,3,102750,183,2024-02-08 00:00:00
198,SKU-0198,Dumbbell Set 20kg (Pack 3),8,8,20900,195,2023-11-29 00:00:00
199,SKU-0199,Skipping Rope (Pack 3),8,5,88600,313,2023-12-17 00:00:00
200,SKU-0200,Running Shoes (Pack 3),8,15,61900,379,2023-11-24 00:00:00
