supplier_id,supplier_name,city
1,Lagos Gadget Hub,Abeokuta
2,Abuja Tech Supplies,Benin City
3,Onitsha Main Market Traders,Owerri
4,Kano Textiles Ltd,Kano
5,Naija Home Goods,Kano
6,Eastern Electronics Co,Port Harcourt
7,Glow Beauty Distributors,Port Harcourt
8,FreshFarm Nigeria,Ibadan
9,ActiveLife Sports Ltd,Kano
10,PrimeTech Importers,Benin City
11,Delta Wholesalers,Kano
12,Enugu Gadgets Depot,Benin City
13,Port Harcourt Traders,Port Harcourt
14,Ibadan Fashion House,Lagos
15,Anambra Trade Link,Enugu
